{"UUID":"i4R3saCyxHn8Wndk5q6zZX","layoutMainAxisSizing":null,"layoutCrossAxisSizing":null,"name":"Portfolio","isVisible":true,"boundaryRectangle":null,"style":null,"prototypeNodeUUID":null,"child":null,"constraints":null,"debug":false,"pngPath":"/usr/src/app/temp-out/pb-tmp-889373a5-22ba-4dd3-8dea-f15ec534bb69/portfolio/lib/assets/images","pages":[{"UUID":"0:1","layoutMainAxisSizing":null,"layoutCrossAxisSizing":null,"name":"Page 1","isVisible":true,"boundaryRectangle":null,"style":null,"prototypeNodeUUID":null,"child":null,"constraints":null,"convert":true,"screens":[{"UUID":"3:2","layoutMainAxisSizing":null,"layoutCrossAxisSizing":null,"name":"Landing","boundaryRectangle":null,"style":null,"prototypeNodeUUID":null,"child":null,"constraints":null,"convert":true,"imageURI":null,"type":"screen","designNode":{"UUID":"3:2","layoutMainAxisSizing":"INHERIT","layoutCrossAxisSizing":"INHERIT","name":"Landing","isVisible":true,"style":{"UUID":"","layoutMainAxisSizing":null,"layoutCrossAxisSizing":null,"name":"","isVisible":true,"boundaryRectangle":null,"style":null,"prototypeNodeUUID":"","constraints":null,"backgroundColor":{"a":1.0,"r":0.0,"g":0.0,"b":0.0},"fills":[{"color":{"a":1.0,"r":0.0,"g":0.0,"b":0.0},"isEnabled":true}],"borders":[{"isEnabled":false,"fillType":1.0,"color":null,"thickness":1.0}],"borderOptions":{"isEnabled":false,"dashPattern":[],"lineCapStyle":0,"lineJoinStyle":"Miter","cornerRadius":0},"textStyle":null,"hasShadow":false,"type":"style"},"prototypeNodeUUID":null,"child":null,"constraints":null,"backgroundColor":{"a":1.0,"r":0.0,"g":0.0,"b":0.0},"boundaryRectangle":{"constrainProportions":false,"constraints":null,"height":1024.0,"width":1440.0,"x":-721.0,"y":-512.0,"z":0.0,"type":"boundaryBox"},"isFlowHome":false,"type":"artboard","children":[{"UUID":"3:25","layoutMainAxisSizing":"INHERIT","layoutCrossAxisSizing":"INHERIT","name":"image 1","isVisible":true,"boundaryRectangle":{"constrainProportions":false,"constraints":null,"height":212.0,"width":446.0,"x":157.0,"y":-106.0,"z":0.0,"type":"boundaryBox"},"child":null,"constraints":{"pinLeft":true,"pinRight":false,"pinTop":true,"pinBottom":false,"fixedHeight":true,"fixedWidth":true},"style":{"UUID":"","layoutMainAxisSizing":null,"layoutCrossAxisSizing":null,"name":"","isVisible":true,"boundaryRectangle":null,"style":null,"prototypeNodeUUID":"","constraints":null,"backgroundColor":null,"fills":[{"color":null,"isEnabled":true}],"borders":[{"isEnabled":false,"fillType":1.0,"color":null,"thickness":1.0}],"borderOptions":{"isEnabled":false,"dashPattern":[],"lineCapStyle":0,"lineJoinStyle":"Miter","cornerRadius":106.0},"textStyle":null,"hasShadow":false,"type":"style"},"imageReference":"images/3_25.png","prototypeNodeUUID":null,"type":"image"},{"UUID":"3:3","layoutMainAxisSizing":"INHERIT","layoutCrossAxisSizing":"INHERIT","name":"ivan","isVisible":true,"boundaryRectangle":{"constrainProportions":false,"constraints":null,"height":294.0,"width":317.0,"x":221.0,"y":-147.0,"z":1.0,"type":"boundaryBox"},"child":null,"constraints":{"pinLeft":false,"pinRight":true,"pinTop":true,"pinBottom":false,"fixedHeight":true,"fixedWidth":true},"style":{"UUID":"","layoutMainAxisSizing":null,"layoutCrossAxisSizing":null,"name":"","isVisible":true,"boundaryRectangle":null,"style":null,"prototypeNodeUUID":"","constraints":null,"backgroundColor":null,"fills":[{"color":null,"isEnabled":true}],"borders":[{"isEnabled":false,"fillType":1.0,"color":null,"thickness":1.0}],"borderOptions":{"isEnabled":false,"dashPattern":[],"lineCapStyle":0,"lineJoinStyle":"Miter","cornerRadius":147.0},"textStyle":null,"hasShadow":false,"type":"style"},"imageReference":"images/3_3.png","prototypeNodeUUID":null,"type":"image"},{"UUID":"3:4","layoutMainAxisSizing":"INHERIT","layoutCrossAxisSizing":"INHERIT","name":"Ivan Vigliante","isVisible":true,"boundaryRectangle":{"constrainProportions":false,"constraints":null,"height":226.0,"width":373.0,"x":-571.0,"y":-147.0,"z":2.0,"type":"boundaryBox"},"style":{"UUID":"","layoutMainAxisSizing":null,"layoutCrossAxisSizing":null,"name":"","isVisible":true,"boundaryRectangle":null,"style":null,"prototypeNodeUUID":"","constraints":null,"backgroundColor":null,"fills":[{"color":{"a":1.0,"r":1.0,"g":1.0,"b":1.0},"isEnabled":true}],"borders":[{"isEnabled":false,"fillType":1.0,"color":null,"thickness":1.0}],"borderOptions":{"isEnabled":false,"dashPattern":[],"lineCapStyle":0,"lineJoinStyle":"Miter","cornerRadius":0},"textStyle":{"UUID":"","layoutMainAxisSizing":null,"layoutCrossAxisSizing":null,"name":"","isVisible":false,"boundaryRectangle":null,"style":null,"prototypeNodeUUID":"","child":null,"constraints":null,"fontColor":{"a":1.0,"r":1.0,"g":1.0,"b":1.0},"weight":"400","fontDescriptor":{"fontName":"Roboto","fontSize":96.0,"fontWeight":"w400","fontStyle":"normal","letterSpacing":0.0},"paragraphStyle":{"alignment":0},"type":"text_style"},"hasShadow":false,"type":"style"},"prototypeNodeUUID":null,"child":null,"constraints":{"pinLeft":true,"pinRight":false,"pinTop":true,"pinBottom":false,"fixedHeight":true,"fixedWidth":true},"type":"text","content":"Ivan \nVigliante"},{"UUID":"3:5","layoutMainAxisSizing":"INHERIT","layoutCrossAxisSizing":"INHERIT","name":"Top Bar","isVisible":true,"boundaryRectangle":{"constrainProportions":false,"constraints":null,"height":137.0,"width":1440.0,"x":-721.0,"y":-512.0,"z":3.0,"type":"boundaryBox"},"style":{"UUID":"","layoutMainAxisSizing":null,"layoutCrossAxisSizing":null,"name":"","isVisible":true,"boundaryRectangle":null,"style":null,"prototypeNodeUUID":"","constraints":null,"backgroundColor":null,"fills":[{"color":null,"isEnabled":true}],"borders":[{"isEnabled":false,"fillType":1.0,"color":null,"thickness":1.0}],"borderOptions":{"isEnabled":false,"dashPattern":[],"lineCapStyle":0,"lineJoinStyle":"Miter","cornerRadius":0},"textStyle":null,"hasShadow":false,"type":"style"},"prototypeNodeUUID":null,"constraints":{"pinLeft":true,"pinRight":false,"pinTop":true,"pinBottom":false,"fixedHeight":true,"fixedWidth":true},"children":[{"UUID":"3:6","layoutMainAxisSizing":"INHERIT","layoutCrossAxisSizing":"INHERIT","name":"Home","isVisible":true,"boundaryRectangle":{"constrainProportions":false,"constraints":null,"height":35.0,"width":81.0,"x":92.0,"y":-465.0,"z":0.0,"type":"boundaryBox"},"style":{"UUID":"","layoutMainAxisSizing":null,"layoutCrossAxisSizing":null,"name":"","isVisible":true,"boundaryRectangle":null,"style":null,"prototypeNodeUUID":"","constraints":null,"backgroundColor":null,"fills":[{"color":{"a":1.0,"r":1.0,"g":1.0,"b":1.0},"isEnabled":true}],"borders":[{"isEnabled":false,"fillType":1.0,"color":null,"thickness":1.0}],"borderOptions":{"isEnabled":false,"dashPattern":[],"lineCapStyle":0,"lineJoinStyle":"Miter","cornerRadius":0},"textStyle":{"UUID":"","layoutMainAxisSizing":null,"layoutCrossAxisSizing":null,"name":"","isVisible":false,"boundaryRectangle":null,"style":null,"prototypeNodeUUID":"","child":null,"constraints":null,"fontColor":{"a":1.0,"r":1.0,"g":1.0,"b":1.0},"weight":"400","fontDescriptor":{"fontName":"Roboto","fontSize":30.0,"fontWeight":"w400","fontStyle":"normal","letterSpacing":0.0},"paragraphStyle":{"alignment":0},"type":"text_style"},"hasShadow":false,"type":"style"},"prototypeNodeUUID":null,"child":null,"constraints":{"pinLeft":true,"pinRight":false,"pinTop":true,"pinBottom":false,"fixedHeight":true,"fixedWidth":true},"type":"text","content":"Home"},{"UUID":"3:7","layoutMainAxisSizing":"INHERIT","layoutCrossAxisSizing":"INHERIT","name":"Social","isVisible":true,"boundaryRectangle":{"constrainProportions":false,"constraints":null,"height":35.0,"width":82.0,"x":240.0,"y":-465.0,"z":1.0,"type":"boundaryBox"},"style":{"UUID":"","layoutMainAxisSizing":null,"layoutCrossAxisSizing":null,"name":"","isVisible":true,"boundaryRectangle":null,"style":null,"prototypeNodeUUID":"","constraints":null,"backgroundColor":null,"fills":[{"color":{"a":1.0,"r":1.0,"g":1.0,"b":1.0},"isEnabled":true}],"borders":[{"isEnabled":false,"fillType":1.0,"color":null,"thickness":1.0}],"borderOptions":{"isEnabled":false,"dashPattern":[],"lineCapStyle":0,"lineJoinStyle":"Miter","cornerRadius":0},"textStyle":{"UUID":"","layoutMainAxisSizing":null,"layoutCrossAxisSizing":null,"name":"","isVisible":false,"boundaryRectangle":null,"style":null,"prototypeNodeUUID":"","child":null,"constraints":null,"fontColor":{"a":1.0,"r":1.0,"g":1.0,"b":1.0},"weight":"400","fontDescriptor":{"fontName":"Roboto","fontSize":30.0,"fontWeight":"w400","fontStyle":"normal","letterSpacing":0.0},"paragraphStyle":{"alignment":0},"type":"text_style"},"hasShadow":false,"type":"style"},"prototypeNodeUUID":null,"child":null,"constraints":{"pinLeft":true,"pinRight":false,"pinTop":true,"pinBottom":false,"fixedHeight":true,"fixedWidth":true},"type":"text","content":"Social"},{"UUID":"3:10","layoutMainAxisSizing":"INHERIT","layoutCrossAxisSizing":"INHERIT","name":"Contact Me<custom>","isVisible":true,"boundaryRectangle":{"constrainProportions":false,"constraints":null,"height":54.0,"width":225.0,"x":380.0,"y":-471.0,"z":2.0,"type":"boundaryBox"},"style":{"UUID":"","layoutMainAxisSizing":null,"layoutCrossAxisSizing":null,"name":"","isVisible":true,"boundaryRectangle":null,"style":null,"prototypeNodeUUID":"","constraints":null,"backgroundColor":null,"fills":[{"color":{"a":1.0,"r":1.0,"g":1.0,"b":1.0},"isEnabled":true}],"borders":[{"isEnabled":false,"fillType":1.0,"color":null,"thickness":1.0}],"borderOptions":{"isEnabled":false,"dashPattern":[],"lineCapStyle":0,"lineJoinStyle":"Miter","cornerRadius":0},"textStyle":null,"hasShadow":false,"type":"style"},"prototypeNodeUUID":null,"constraints":{"pinLeft":true,"pinRight":false,"pinTop":true,"pinBottom":false,"fixedHeight":true,"fixedWidth":true},"children":[{"UUID":"3:9","layoutMainAxisSizing":"INHERIT","layoutCrossAxisSizing":"INHERIT","name":"Rectangle 1","isVisible":true,"boundaryRectangle":{"constrainProportions":false,"constraints":null,"height":54.0,"width":225.0,"x":365.0,"y":-475.0,"z":0.0,"type":"boundaryBox"},"style":{"UUID":"","layoutMainAxisSizing":null,"layoutCrossAxisSizing":null,"name":"","isVisible":true,"boundaryRectangle":null,"style":null,"prototypeNodeUUID":"","constraints":null,"backgroundColor":null,"fills":[{"color":{"a":1.0,"r":0.07098957896232605,"g":0.36250001192092896,"b":0.18759378790855408},"isEnabled":true}],"borders":[{"isEnabled":false,"fillType":1.0,"color":null,"thickness":1.0}],"borderOptions":{"isEnabled":false,"dashPattern":[],"lineCapStyle":0,"lineJoinStyle":"Miter","cornerRadius":30.0},"textStyle":null,"hasShadow":false,"type":"style"},"prototypeNodeUUID":null,"constraints":{"pinLeft":true,"pinRight":false,"pinTop":true,"pinBottom":false,"fixedHeight":true,"fixedWidth":true},"fixedRadius":30.0,"type":"rectangle","child":null},{"UUID":"3:8","layoutMainAxisSizing":"INHERIT","layoutCrossAxisSizing":"INHERIT","name":"Contact Me","isVisible":true,"boundaryRectangle":{"constrainProportions":false,"constraints":null,"height":35.0,"width":155.0,"x":400.0,"y":-465.0,"z":1.0,"type":"boundaryBox"},"style":{"UUID":"","layoutMainAxisSizing":null,"layoutCrossAxisSizing":null,"name":"","isVisible":true,"boundaryRectangle":null,"style":null,"prototypeNodeUUID":"","constraints":null,"backgroundColor":null,"fills":[{"color":{"a":1.0,"r":1.0,"g":1.0,"b":1.0},"isEnabled":true}],"borders":[{"isEnabled":false,"fillType":1.0,"color":null,"thickness":1.0}],"borderOptions":{"isEnabled":false,"dashPattern":[],"lineCapStyle":0,"lineJoinStyle":"Miter","cornerRadius":0},"textStyle":{"UUID":"","layoutMainAxisSizing":null,"layoutCrossAxisSizing":null,"name":"","isVisible":false,"boundaryRectangle":null,"style":null,"prototypeNodeUUID":"","child":null,"constraints":null,"fontColor":{"a":1.0,"r":1.0,"g":1.0,"b":1.0},"weight":"400","fontDescriptor":{"fontName":"Roboto","fontSize":30.0,"fontWeight":"w400","fontStyle":"normal","letterSpacing":0.0},"paragraphStyle":{"alignment":0},"type":"text_style"},"hasShadow":false,"type":"style"},"prototypeNodeUUID":null,"child":null,"constraints":{"pinLeft":true,"pinRight":false,"pinTop":true,"pinBottom":false,"fixedHeight":true,"fixedWidth":true},"type":"text","content":"Contact Me"}],"type":"frame","fixedRadius":null,"background":null,"autoLayoutOptions":null},{"UUID":"3:11","layoutMainAxisSizing":"INHERIT","layoutCrossAxisSizing":"INHERIT","name":"👁🚛❤️💻","isVisible":true,"boundaryRectangle":{"constrainProportions":false,"constraints":null,"height":66.0,"width":278.0,"x":-628.0,"y":-476.0,"z":3.0,"type":"boundaryBox"},"style":{"UUID":"","layoutMainAxisSizing":null,"layoutCrossAxisSizing":null,"name":"","isVisible":true,"boundaryRectangle":null,"style":null,"prototypeNodeUUID":"","constraints":null,"backgroundColor":null,"fills":[{"color":{"a":1.0,"r":1.0,"g":1.0,"b":1.0},"isEnabled":true}],"borders":[{"isEnabled":false,"fillType":1.0,"color":null,"thickness":1.0}],"borderOptions":{"isEnabled":false,"dashPattern":[],"lineCapStyle":0,"lineJoinStyle":"Miter","cornerRadius":0},"textStyle":{"UUID":"","layoutMainAxisSizing":null,"layoutCrossAxisSizing":null,"name":"","isVisible":false,"boundaryRectangle":null,"style":null,"prototypeNodeUUID":"","child":null,"constraints":null,"fontColor":{"a":1.0,"r":1.0,"g":1.0,"b":1.0},"weight":"400","fontDescriptor":{"fontName":"Roboto","fontSize":64.0,"fontWeight":"w400","fontStyle":"normal","letterSpacing":0.0},"paragraphStyle":{"alignment":0},"type":"text_style"},"hasShadow":false,"type":"style"},"prototypeNodeUUID":null,"child":null,"constraints":{"pinLeft":true,"pinRight":false,"pinTop":true,"pinBottom":false,"fixedHeight":true,"fixedWidth":true},"type":"text","content":"👁🚛❤️💻"},{"UUID":"3:13","layoutMainAxisSizing":"INHERIT","layoutCrossAxisSizing":"INHERIT","name":"Eye-Van Loves Tech","isVisible":true,"boundaryRectangle":{"constrainProportions":false,"constraints":null,"height":34.0,"width":324.0,"x":-651.0,"y":-410.0,"z":4.0,"type":"boundaryBox"},"style":{"UUID":"","layoutMainAxisSizing":null,"layoutCrossAxisSizing":null,"name":"","isVisible":true,"boundaryRectangle":null,"style":null,"prototypeNodeUUID":"","constraints":null,"backgroundColor":null,"fills":[{"color":{"a":1.0,"r":1.0,"g":1.0,"b":1.0},"isEnabled":true}],"borders":[{"isEnabled":false,"fillType":1.0,"color":null,"thickness":1.0}],"borderOptions":{"isEnabled":false,"dashPattern":[],"lineCapStyle":0,"lineJoinStyle":"Miter","cornerRadius":0},"textStyle":{"UUID":"","layoutMainAxisSizing":null,"layoutCrossAxisSizing":null,"name":"","isVisible":false,"boundaryRectangle":null,"style":null,"prototypeNodeUUID":"","child":null,"constraints":null,"fontColor":{"a":1.0,"r":1.0,"g":1.0,"b":1.0},"weight":"400","fontDescriptor":{"fontName":"PT Mono","fontSize":30.0,"fontWeight":"w400","fontStyle":"normal","letterSpacing":0.0},"paragraphStyle":{"alignment":0},"type":"text_style"},"hasShadow":false,"type":"style"},"prototypeNodeUUID":null,"child":null,"constraints":{"pinLeft":true,"pinRight":false,"pinTop":true,"pinBottom":false,"fixedHeight":true,"fixedWidth":true},"type":"text","content":"Eye-Van Loves Tech"}],"type":"frame","fixedRadius":null,"background":null,"autoLayoutOptions":null},{"UUID":"3:12","layoutMainAxisSizing":"INHERIT","layoutCrossAxisSizing":"INHERIT","name":"Software Developer","isVisible":true,"boundaryRectangle":{"constrainProportions":false,"constraints":null,"height":44.0,"width":354.0,"x":-571.0,"y":103.0,"z":4.0,"type":"boundaryBox"},"style":{"UUID":"","layoutMainAxisSizing":null,"layoutCrossAxisSizing":null,"name":"","isVisible":true,"boundaryRectangle":null,"style":null,"prototypeNodeUUID":"","constraints":null,"backgroundColor":null,"fills":[{"color":{"a":1.0,"r":0.0,"g":1.0,"b":0.4000000059604645},"isEnabled":true}],"borders":[{"isEnabled":false,"fillType":1.0,"color":null,"thickness":1.0}],"borderOptions":{"isEnabled":false,"dashPattern":[],"lineCapStyle":0,"lineJoinStyle":"Miter","cornerRadius":0},"textStyle":{"UUID":"","layoutMainAxisSizing":null,"layoutCrossAxisSizing":null,"name":"","isVisible":false,"boundaryRectangle":null,"style":null,"prototypeNodeUUID":"","child":null,"constraints":null,"fontColor":{"a":1.0,"r":0.0,"g":1.0,"b":0.4000000059604645},"weight":"400","fontDescriptor":{"fontName":"PT Mono","fontSize":30.0,"fontWeight":"w400","fontStyle":"normal","letterSpacing":0.0},"paragraphStyle":{"alignment":0},"type":"text_style"},"hasShadow":false,"type":"style"},"prototypeNodeUUID":null,"child":null,"constraints":{"pinLeft":true,"pinRight":false,"pinTop":true,"pinBottom":false,"fixedHeight":true,"fixedWidth":true},"type":"text","content":"Software Developer"},{"UUID":"3:23","layoutMainAxisSizing":"INHERIT","layoutCrossAxisSizing":"INHERIT","name":"Ocassionally watches movies, shows, and plays games.","isVisible":true,"boundaryRectangle":{"constrainProportions":false,"constraints":null,"height":105.0,"width":373.0,"x":-571.0,"y":165.0,"z":5.0,"type":"boundaryBox"},"style":{"UUID":"","layoutMainAxisSizing":null,"layoutCrossAxisSizing":null,"name":"","isVisible":true,"boundaryRectangle":null,"style":null,"prototypeNodeUUID":"","constraints":null,"backgroundColor":null,"fills":[{"color":{"a":1.0,"r":1.0,"g":1.0,"b":1.0},"isEnabled":true}],"borders":[{"isEnabled":false,"fillType":1.0,"color":null,"thickness":1.0}],"borderOptions":{"isEnabled":false,"dashPattern":[],"lineCapStyle":0,"lineJoinStyle":"Miter","cornerRadius":0},"textStyle":{"UUID":"","layoutMainAxisSizing":null,"layoutCrossAxisSizing":null,"name":"","isVisible":false,"boundaryRectangle":null,"style":null,"prototypeNodeUUID":"","child":null,"constraints":null,"fontColor":{"a":1.0,"r":1.0,"g":1.0,"b":1.0},"weight":"400","fontDescriptor":{"fontName":"PT Sans","fontSize":24.0,"fontWeight":"w400","fontStyle":"normal","letterSpacing":0.0},"paragraphStyle":{"alignment":0},"type":"text_style"},"hasShadow":false,"type":"style"},"prototypeNodeUUID":null,"child":null,"constraints":{"pinLeft":true,"pinRight":false,"pinTop":true,"pinBottom":false,"fixedHeight":true,"fixedWidth":true},"type":"text","content":"Ocassionally watches movies, shows, and plays games."},{"UUID":"4:27","layoutMainAxisSizing":"INHERIT","layoutCrossAxisSizing":"INHERIT","name":"Scroll Down","isVisible":true,"boundaryRectangle":{"constrainProportions":false,"constraints":null,"height":80.0,"width":69.98076629638672,"x":-36.0,"y":397.0,"z":6.0,"type":"boundaryBox"},"style":null,"prototypeNodeUUID":null,"child":null,"constraints":{"pinLeft":true,"pinRight":false,"pinTop":true,"pinBottom":false,"fixedHeight":true,"fixedWidth":true},"symbolID":"3:22","parameters":null,"overrideValues":[{"UUID":"3:18","layoutMainAxisSizing":null,"layoutCrossAxisSizing":null,"name":"Subtract","isVisible":true,"boundaryRectangle":null,"style":null,"prototypeNodeUUID":null,"child":null,"constraints":null,"value":{"UUID":"I4:27;3:18","layoutMainAxisSizing":"INHERIT","layoutCrossAxisSizing":"INHERIT","name":"Subtract","isVisible":true,"boundaryRectangle":{"constrainProportions":false,"constraints":null,"height":46.6019287109375,"width":69.28202819824219,"x":-35.30126953125,"y":430.3980712890625,"z":0.0,"type":"boundaryBox"},"child":null,"constraints":null,"style":null,"imageReference":"images/I4_27;3_18.png","prototypeNodeUUID":null,"type":"image"},"valueName":"images/I4_27;3_18.png","type":"image"},{"UUID":"3:19","layoutMainAxisSizing":null,"layoutCrossAxisSizing":null,"name":"Subtract","isVisible":true,"boundaryRectangle":null,"style":null,"prototypeNodeUUID":null,"child":null,"constraints":null,"value":{"UUID":"I4:27;3:19","layoutMainAxisSizing":"INHERIT","layoutCrossAxisSizing":"INHERIT","name":"Subtract","isVisible":true,"boundaryRectangle":{"constrainProportions":false,"constraints":null,"height":46.6019287109375,"width":69.28202819824219,"x":-36.0,"y":397.0,"z":1.0,"type":"boundaryBox"},"child":null,"constraints":null,"style":null,"imageReference":"images/I4_27;3_19.png","prototypeNodeUUID":null,"type":"image"},"valueName":"images/I4_27;3_19.png","type":"image"}],"sharedNodeSetID":null,"type":"shared_instance"}]},"isVisible":true},{"UUID":"3:22","layoutMainAxisSizing":null,"layoutCrossAxisSizing":null,"name":"Scroll Down","boundaryRectangle":null,"style":null,"prototypeNodeUUID":null,"child":null,"constraints":null,"convert":true,"imageURI":null,"type":"screen","designNode":{"UUID":"3:22","layoutMainAxisSizing":"INHERIT","layoutCrossAxisSizing":"INHERIT","name":"Scroll Down","isVisible":true,"boundaryRectangle":{"constrainProportions":false,"constraints":null,"height":80.0,"width":69.98077392578125,"x":-1029.0,"y":-512.0,"z":1.0,"type":"boundaryBox"},"style":{"UUID":"","layoutMainAxisSizing":null,"layoutCrossAxisSizing":null,"name":"","isVisible":true,"boundaryRectangle":null,"style":null,"prototypeNodeUUID":"","constraints":null,"backgroundColor":null,"fills":[{"color":{"a":1.0,"r":1.0,"g":1.0,"b":1.0},"isEnabled":true}],"borders":[{"isEnabled":false,"fillType":1.0,"color":null,"thickness":1.0}],"borderOptions":{"isEnabled":false,"dashPattern":[],"lineCapStyle":0,"lineJoinStyle":"Miter","cornerRadius":0},"textStyle":null,"hasShadow":false,"type":"style"},"prototypeNodeUUID":null,"child":null,"constraints":{"pinLeft":false,"pinRight":false,"pinTop":false,"pinBottom":false,"fixedHeight":false,"fixedWidth":false},"symbolID":"3:22","overrideProperties":[{"UUID":"3:18","layoutMainAxisSizing":null,"layoutCrossAxisSizing":null,"name":"ovrSubtract","child":null,"constraints":null,"value":{"UUID":"3:18","layoutMainAxisSizing":"INHERIT","layoutCrossAxisSizing":"INHERIT","name":"Subtract","isVisible":true,"boundaryRectangle":{"constrainProportions":false,"constraints":null,"height":46.6019287109375,"width":69.28204345703125,"x":-1028.30126953125,"y":-478.6019287109375,"z":0.0,"type":"boundaryBox"},"child":null,"constraints":null,"style":null,"imageReference":"images/3_18.png","prototypeNodeUUID":null,"type":"image"},"type":"image"},{"UUID":"3:19","layoutMainAxisSizing":null,"layoutCrossAxisSizing":null,"name":"ovrSubtract2","child":null,"constraints":null,"value":{"UUID":"3:19","layoutMainAxisSizing":"INHERIT","layoutCrossAxisSizing":"INHERIT","name":"Subtract2","isVisible":true,"boundaryRectangle":{"constrainProportions":false,"constraints":null,"height":46.6019287109375,"width":69.28204345703125,"x":-1029.0,"y":-512.0,"z":1.0,"type":"boundaryBox"},"child":null,"constraints":null,"style":null,"imageReference":"images/3_19.png","prototypeNodeUUID":null,"type":"image"},"type":"image"}],"children":[{"UUID":"3:18","layoutMainAxisSizing":"INHERIT","layoutCrossAxisSizing":"INHERIT","name":"Subtract","isVisible":true,"boundaryRectangle":{"constrainProportions":false,"constraints":null,"height":46.6019287109375,"width":69.28204345703125,"x":-1028.30126953125,"y":-478.6019287109375,"z":0.0,"type":"boundaryBox"},"child":null,"constraints":null,"style":null,"imageReference":"images/3_18.png","prototypeNodeUUID":null,"type":"image"},{"UUID":"3:19","layoutMainAxisSizing":"INHERIT","layoutCrossAxisSizing":"INHERIT","name":"Subtract2","isVisible":true,"boundaryRectangle":{"constrainProportions":false,"constraints":null,"height":46.6019287109375,"width":69.28204345703125,"x":-1029.0,"y":-512.0,"z":1.0,"type":"boundaryBox"},"child":null,"constraints":null,"style":null,"imageReference":"images/3_19.png","prototypeNodeUUID":null,"type":"image"}],"type":"shared_master","componentSetName":null,"sharedNodeSetID":null},"isVisible":true}],"type":"page"}],"miscPages":[],"sharedStyles":[],"type":"project"}